title,description,date,emotion,tags
"Project Kickoff","Initial project meeting with the team to discuss goals and timeline","2025-01-15 09:00:00","excited","project,meeting"
"Design Phase Complete","Finished the UI/UX design mockups and got approval from stakeholders","2025-02-28 17:30:00","accomplished","design,milestone"
"Development Started","Began coding the core functionality","2025-03-01 08:00:00","focused","development,coding"
"First Bug Found","Discovered an issue with date parsing, need to fix","2025-03-15 14:20:00","concerned","bug,development"
"Bug Fixed","Successfully resolved the date parsing issue","2025-03-16 11:45:00","relieved","bugfix,development"
"Beta Testing","Released beta version to internal team for testing","2025-04-01 12:00:00","hopeful","testing,beta"
"User Feedback Session","Gathered feedback from beta testers, mostly positive","2025-04-10 15:30:00","encouraged","feedback,testing"
"Performance Optimization","Improved loading times by 50%","2025-04-20 16:15:00","satisfied","optimization,performance"
"Security Audit","Third-party security review completed with minor recommendations","2025-05-05 10:00:00","confident","security,audit"
"Production Release","Finally launched to production!","2025-05-15 09:00:00","ecstatic","launch,milestone,production"